Ano e mês do lançamento;Código Órgão Superior;Nome Órgão Superior;Código Órgão Subordinado;Nome Órgão Subordinado;Código Unidade Gestora;Nome Unidade Gestora;Código Gestão;Nome Gestão;Código Unidade Orçamentária;Nome Unidade Orçamentária;Código Função;Nome Função;Código Subfução;Nome Subfunção;Código Programa Orçamentário;Nome Programa Orçamentário;Código Ação;Nome Ação;Código Plano Orçamentário;Plano Orçamentário;Código Programa Governo;Nome Programa Governo;Código Grupo de Despesa;Nome Grupo de Despesa;Código Elemento de Despesa;Nome Elemento de Despesa;Código Modalidade da Despesa;Modalidade da Despesa;Valor Empenhado (R$);Valor Liquidado (R$);Valor Pago (R$);Valor Restos a Pagar Inscritos (R$);Valor Restos a Pagar Cancelado (R$);Valor Restos a Pagar Pagos (R$)
2020/07;36000;Ministério da Saúde;36201;Fundação Oswaldo Cruz;254488;CASA DE OSWALDO CRUZ;25201.0;FUNDACAO OSWALDO CRUZ;36201;FUNDACAO OSWALDO CRUZ;10;Saúde;573;Difusão do conhecimento científico e tecnológico;2015;FORTALECIMENTO DO SISTEMA UNICO DE SAUDE (SUS);6179;COMUNICACAO E INFORMACOES PARA A EDUCACAO EM SAUDE E EM CIENCIA E TECNOLOGIA;0000;COMUNICACAO E INFORMACOES PARA A EDUCACAO EM SAUDE E EM CIENCIA E TECNOLOGIA;00;NAO ATRIBUIDO;3;Outras Despesas Correntes;30;Material de Consumo;90;Reserva de Contingência;0.0;0.0;0.0;0.0;0.0;2990.45
2020/07;52000;Ministério da Defesa;52121;Comando do Exército;160130;36º BATALHãO DE INFANTARIA MECANIZADO;1.0;TESOURO NACIONAL;52101;MINISTERIO DA DEFESA;5;Defesa nacional;153;Defesa terrestre;6012;DEFESA NACIONAL;218X;OPERACOES DE GARANTIA DA LEI E DA ORDEM;0001;OPERACAO CERBERO;00;NAO ATRIBUIDO;3;Outras Despesas Correntes;30;Material de Consumo;90;Reserva de Contingência;43210.6;0.0;0.0;0.0;0.0;0.0
2020/07;44000;Ministério do Meio Ambiente;44000;Ministério do Meio Ambiente - Unidades com vínculo direto;440001;SUBSECRET.DE PLANEJ.,ORC.E ADMINIST.±SPOA/MMA;1.0;TESOURO NACIONAL;44101;MINISTERIO DO MEIO AMBIENTE;18;Gestão ambiental;846;Outros encargos especiais;32;PROGRAMA DE GESTAO E MANUTENCAO DO PODER EXECUTIVO;09HB;CONTRIBUICAO DA UNIAO, DE SUAS AUTARQUIAS E FUNDACOES PARA O CUSTEIO DO REGIME DE PREVIDENCIA DOS SERVIDORES PUBLICOS FEDERAIS;0000;CONTRIBUICAO DA UNIAO, DE SUAS AUTARQUIAS E FUNDACOES PARA O CUSTEIO DO REGIME DE PREVIDENCIA DOS SERVIDORES PUBLICOS FEDERAIS;00;NAO ATRIBUIDO;1;Pessoal e Encargos Sociais;13;Obrigações Patronais;91;APLICACOES DIRETAS - OPER.INTRA-ORCAMENTARIAS;0.0;20034.8;20034.8;0.0;0.0;0.0
2020/07;30000;Ministério da Justiça e Segurança Pública;30202;Fundação Nacional do Índio;194046;COORDENAÇÃO REG. LITORAL SUDESTE/SP;19208.0;FUNDACAO NACIONAL DO INDIO;30202;FUNDACAO NACIONAL DO INDIO;14;Direitos da cidadania;122;Administração geral;32;PROGRAMA DE GESTAO E MANUTENCAO DO PODER EXECUTIVO;2000;ADMINISTRACAO DA UNIDADE;0001;OUTRAS DESPESAS ADMINISTRATIVAS;00;NAO ATRIBUIDO;3;Outras Despesas Correntes;40;Serviços de Tecnologia da Informação e Comuni;90;Reserva de Contingência;1689.3;0.0;680.43;0.0;0.0;0.0
2020/07;52000;Ministério da Defesa;52121;Comando do Exército;160069;COMANDO LOGISTICO;1.0;TESOURO NACIONAL;52121;COMANDO DO EXERCITO;5;Defesa nacional;153;Defesa terrestre;2058;DEFESA NACIONAL;156N;OBTENCAO DE MEIOS DO EXERCITO;0004;AQUISICAO DE MEIOS TERRESTRES;00;NAO ATRIBUIDO;4;Investimentos;52;Equipamentos e Material Permanente;91;APLICACOES DIRETAS - OP. INTRA-ORCAMENTARIAS;0.0;0.0;0.0;0.0;0.0;9864000.0
2020/07;26000;Ministério da Educação;26414;Instituto Federal do Mato Grosso;158970;INST.FEDERAL DE MATO GROSSO/CAMPOS PRIM.LESTE;26414.0;INST.FED.DE EDUC.,CIENC.E TEC.DO MATO GROSSO;26414;INST.FED.DE EDUC.,CIENC.E TEC.DO MATO GROSSO;12;Educação;363;Ensino profissional;2080;EDUCACAO DE QUALIDADE PARA TODOS;20RL;FUNCIONAMENTO DAS INSTITUICOES DA REDE FEDERAL DE EDUCACAO PROFISSIONAL, CIENTIFICA E TECNOLOGICA;0000;FUNCIONAMENTO DE INSTITUICOES FEDERAIS DE EDUCACAO PROFISSIONAL E TECNOLOGICA - DESPESAS DIVERSAS;00;NAO ATRIBUIDO;4;Investimentos;52;Equipamentos e Material Permanente;90;Reserva de Contingência;0.0;0.0;0.0;0.0;0.0;2224.0
2020/07;26000;Ministério da Educação;26239;Universidade Federal do Pará;153063;UNIVERSIDADE FEDERAL DO PARA;15230.0;UNIVERSIDADE FEDERAL DO PARA;26239;UNIVERSIDADE FEDERAL DO PARA;12;Educação;364;Ensino superior;5013;EDUCACAO SUPERIOR - GRADUACAO, POS-GRADUACAO, ENSINO, PESQUI;20RK;FUNCIONAMENTO DE INSTITUICOES FEDERAIS DE ENSINO SUPERIOR;0000;FUNCIONAMENTO DE INSTITUICOES FEDERAIS DE ENSINO SUPERIOR - DESPESAS DIVERSAS;00;NAO ATRIBUIDO;3;Outras Despesas Correntes;47;Obrigações Tributárias e Contributivas;90;Reserva de Contingência;12114.68;10486.58;10486.58;0.0;0.0;0.0
2020/07;24000;Ministério da Ciência, Tecnologia, Inovações ;20301;Comissão Nacional de Energia Nuclear;113203;COMISSAO NACIONAL DE ENERGIA NUCLEAR-IEN;11501.0;COMISSAO NACIONAL DE ENERGIA NUCLEAR;24204;COMISSAO NACIONAL DE ENERGIA NUCLEAR - CNEN;19;Ciência e Tecnologia;572;Desenvolvimento tecnológico e engenharia;2059;POLITICA NUCLEAR;20UX;DESENVOLVIMENTO DA CIENCIA E DA TECNOLOGIA NUCLEARES;0002;FUNCIONAMENTO DOS LABORATORIOS DAS UNIDADES TECNICO-CIENTIFICAS DA CNEN;00;NAO ATRIBUIDO;4;Investimentos;52;Equipamentos e Material Permanente;90;Reserva de Contingência;0.0;0.0;0.0;0.0;0.0;52268.12
2020/07;26000;Ministério da Educação;26421;Instituto Federal de Rondônia;158376;INST.FED.RONDONIA/CAMPUS JI-PARANA;26421.0;INST.FED.DE EDUC.,CIENC.E TEC.DE RONDONIA;26421;INST.FED.DE EDUC.,CIENC.E TEC.DE RONDONIA;12;Educação;363;Ensino profissional;5012;EDUCACAO PROFISSIONAL E TECNOLOGICA;20RL;FUNCIONAMENTO DAS INSTITUICOES DA REDE FEDERAL DE EDUCACAO PROFISSIONAL, CIENTIFICA E TECNOLOGICA;0000;FUNCIONAMENTO DAS INSTITUICOES DA REDE FEDERAL DE EDUCACAO PROFISSIONAL, CIENTIFICA E TECNOLOGICA;00;NAO ATRIBUIDO;3;Outras Despesas Correntes;47;Obrigações Tributárias e Contributivas;90;Reserva de Contingência;0.0;181.15;0.0;0.0;0.0;0.0
2020/07;24000;Ministério da Ciência, Tecnologia, Inovações ;24000;Ministério da Ciência, Tecnologia, Inovações e Comunicações - Unidades com vínculo direto;240106;INSTIT.NAC.DE PESQ.ESPACIAIS-S.J.CAMPOS - MCT;1.0;TESOURO NACIONAL;24205;AGENCIA ESPACIAL BRASILEIRA - AEB;19;Ciência e Tecnologia;572;Desenvolvimento tecnológico e engenharia;2056;POLITICA ESPACIAL;20VC;DESENVOLVIMENTO, LANCAMENTO E OPERACAO DE SATELITES, COM A INFRAESTRUTURA ASSOCIADA;000B;DESENVOLVIMENTO E LANCAMENTO DO SATELITE SINO-BRASILEIRO CBERS-4A;00;NAO ATRIBUIDO;3;Outras Despesas Correntes;40;Serviços de Tecnologia da Informação e Comuni;90;Reserva de Contingência;0.0;0.0;0.0;0.0;0.0;25599.58
2020/07;30000;Ministério da Justiça e Segurança Pública;30108;Departamento de Polícia Federal;200350;SUPERINTENDENCIA REG DA POLICIA FEDERAL EM MG;1.0;TESOURO NACIONAL;30108;DEPARTAMENTO DE POLICIA FEDERAL;6;Segurança pública;181;Policiamento;5016;SEGURANCA PUBLICA, COMBATE A CORRUPCAO, AO CRIME ORGANIZADO;2726;PREVENCAO E REPRESSAO AO TRAFICO ILICITO DE DROGAS E A CRIMES PRATICADOS CONTRA BENS, SERVICOS E INTERESSES DA UNIAO;0002;PREVENCAO E REPRESSAO A CRIMES PRATICADOS CONTRA BENS, SERVICOS E INTERESSES DA UNIAO - EIXO POLICIA JUDICIARIA;00;NAO ATRIBUIDO;3;Outras Despesas Correntes;33;Passagens e Despesas com Locomoção;90;Reserva de Contingência;0.0;2069.46;145.89;0.0;0.0;0.0
2020/07;26000;Ministério da Educação;26428;Instituto Federal de Brasília;152146;IFB - CAMPUS ESTRUTURAL;26428.0;INST.FED.DE EDUC.,CIENC.E TEC.DE BRASILIA;26428;INST.FED.DE EDUC.,CIENC.E TEC.DE BRASILIA;12;Educação;363;Ensino profissional;5012;EDUCACAO PROFISSIONAL E TECNOLOGICA;20RL;FUNCIONAMENTO DAS INSTITUICOES DA REDE FEDERAL DE EDUCACAO PROFISSIONAL, CIENTIFICA E TECNOLOGICA;0000;FUNCIONAMENTO DAS INSTITUICOES DA REDE FEDERAL DE EDUCACAO PROFISSIONAL, CIENTIFICA E TECNOLOGICA;00;NAO ATRIBUIDO;3;Outras Despesas Correntes;37;Locação de Mão-de-Obra;90;Reserva de Contingência;0.0;57640.21;13061.82;0.0;0.0;0.0
2020/07;36000;Ministério da Saúde;36000;Ministério da Saúde - Unidades com vínculo direto;250110;CG DE MATERIAL E PATRIMONIO - CGMAP/SAA;1.0;TESOURO NACIONAL;36901;FUNDO NACIONAL DE SAUDE;10;Saúde;423;Assistência aos povos indígenas;5022;PROTECAO, PROMOCAO E RECUPERACAO DA SAUDE INDIGENA;20YP;PROMOCAO, PROTECAO E RECUPERACAO DA SAUDE INDIGENA;0000;PROMOCAO, PROTECAO E RECUPERACAO DA SAUDE INDIGENA - DESPESAS DIVERSAS;00;NAO ATRIBUIDO;3;Outras Despesas Correntes;39;Outros Serviços de Terceiros - Pessoa Jurídic;90;Reserva de Contingência;13595.89;2035152.28;1582449.43;0.0;0.0;0.0
2020/07;26000;Ministério da Educação;26247;Universidade Federal de Santa Maria;153164;UNIVERSIDADE FEDERAL DE SANTA MARIA;15238.0;UNIVERSIDADE FEDERAL DE SANTA MARIA - RS;26247;UNIVERSIDADE FEDERAL DE SANTA MARIA;12;Educação;364;Ensino superior;5013;EDUCACAO SUPERIOR - GRADUACAO, POS-GRADUACAO, ENSINO, PESQUI;4002;ASSISTENCIA AO ESTUDANTE DE ENSINO SUPERIOR;0000;ASSISTENCIA AO ESTUDANTE DE ENSINO SUPERIOR - DESPESAS DIVERSAS;00;NAO ATRIBUIDO;3;Outras Despesas Correntes;30;Material de Consumo;90;Reserva de Contingência;0.0;-1087.3;-3242.2;0.0;0.0;0.0
2020/07;26000;Ministério da Educação;26416;Instituto Federal do Pará;158162;INST.FED.DO PARÁ/CAMPUS BREVES;26416.0;INST.FED.DE EDUC.,CIENC.E TEC.DO PARA;26416;INST.FED.DE EDUC.,CIENC.E TEC.DO PARA;12;Educação;363;Ensino profissional;2080;EDUCACAO DE QUALIDADE PARA TODOS;20RL;FUNCIONAMENTO DAS INSTITUICOES DA REDE FEDERAL DE EDUCACAO PROFISSIONAL, CIENTIFICA E TECNOLOGICA;0000;FUNCIONAMENTO DE INSTITUICOES FEDERAIS DE EDUCACAO PROFISSIONAL E TECNOLOGICA - DESPESAS DIVERSAS;00;NAO ATRIBUIDO;3;Outras Despesas Correntes;39;Outros Serviços de Terceiros - Pessoa Jurídic;90;Reserva de Contingência;0.0;0.0;0.0;0.0;0.0;407.85
2020/07;25000;Ministério da Economia;37202;Instituto Nacional do Seguro Social;510080;GERÊNCIA EXECUTIVA ARACAJU;57202.0;INSTITUTO NACIONAL DO SEGURO SOCIAL;25303;INSTITUTO NACIONAL DO SEGURO SOCIAL;9;Previdência social;122;Administração geral;32;PROGRAMA DE GESTAO E MANUTENCAO DO PODER EXECUTIVO;2000;ADMINISTRACAO DA UNIDADE;0006;FUNCIONAMENTO DAS UNIDADES DESCENTRALIZADAS DA PREVIDENCIA SOCIAL;00;NAO ATRIBUIDO;3;Outras Despesas Correntes;37;Locação de Mão-de-Obra;90;Reserva de Contingência;0.0;0.0;402830.94;0.0;0.0;0.0
2020/07;26000;Ministério da Educação;26292;Fundação Joaquim Nabuco;344002;FUNDAçãO JOAQUIM NABUCO;34202.0;FUNDACAO JOAQUIM NABUCO;26292;FUNDACAO JOAQUIM NABUCO;12;Educação;122;Administração geral;32;PROGRAMA DE GESTAO E MANUTENCAO DO PODER EXECUTIVO;2000;ADMINISTRACAO DA UNIDADE;0001;ADMINISTRACAO GERAL;00;NAO ATRIBUIDO;3;Outras Despesas Correntes;47;Obrigações Tributárias e Contributivas;90;Reserva de Contingência;1000.0;7739.59;7739.59;0.0;0.0;0.0
2020/07;26000;Ministério da Educação;26413;Instituto Federal do Triângulo Mineiro;158309;INST.FED.TRIANGULO MINEIRO/CAMPUS PARACATU;26413.0;INST.FED.DE EDUC.,CIENC.E TEC.DO TRIA.MINEIRO;26413;INST.FED.DE EDUC.,CIENC.E TEC.DO TRIA.MINEIRO;12;Educação;363;Ensino profissional;5012;EDUCACAO PROFISSIONAL E TECNOLOGICA;2994;ASSISTENCIA AOS ESTUDANTES DAS INSTITUICOES FEDERAIS DE EDUCACAO PROFISSIONAL E TECNOLOGICA;0001;AUXILIO FINANCEIRO DE ASSISTENCIA ESTUDANTIL;00;NAO ATRIBUIDO;3;Outras Despesas Correntes;18;Auxílio Financeiro a Estudantes;90;Reserva de Contingência;272280.0;1440.0;36960.0;0.0;0.0;0.0
2020/07;26000;Ministério da Educação;26429;Instituto Federal de Educação, Ciência e Tecnologia de Goiás;158153;INST.FED.DE EDUC.,CIENC.E TEC.DE GOIAS;26429.0;INST.FED.DE EDUC.,CIENC.E TEC.DE GOIAS;26429;INST.FED.DE EDUC.,CIENC.E TEC.DE GOIAS;12;Educação;301;Atenção básica;32;PROGRAMA DE GESTAO E MANUTENCAO DO PODER EXECUTIVO;2004;ASSISTENCIA MEDICA E ODONTOLOGICA AOS SERVIDORES CIVIS, EMPREGADOS, MILITARES E SEUS DEPENDENTES;0001;ASSISTENCIA MEDICA E ODONTOLOGICA DE CIVIS - COMPLEMENTACAO DA UNIAO;00;NAO ATRIBUIDO;3;Outras Despesas Correntes;92;Despesas de Exercícios Anteriores;90;Reserva de Contingência;0.0;0.0;7856.56;0.0;0.0;0.0
2020/07;30000;Ministério da Justiça e Segurança Pública;30202;Fundação Nacional do Índio;194012;COORDENAÇÃO REGIONAL TAPAJÓS/PA;19208.0;FUNDACAO NACIONAL DO INDIO;30202;FUNDACAO NACIONAL DO INDIO;14;Direitos da cidadania;122;Administração geral;32;PROGRAMA DE GESTAO E MANUTENCAO DO PODER EXECUTIVO;2000;ADMINISTRACAO DA UNIDADE;0001;OUTRAS DESPESAS ADMINISTRATIVAS;00;NAO ATRIBUIDO;3;Outras Despesas Correntes;37;Locação de Mão-de-Obra;90;Reserva de Contingência;13190.0;14311.66;14311.66;0.0;0.0;0.0
2020/07;52000;Ministério da Defesa;52131;Comando da Marinha;785344;DELEGACIA DA CAPITANIA DOS PORTOS EM ITAJAí;1.0;TESOURO NACIONAL;52931;FUNDO NAVAL;5;Defesa nacional;125;Normatização e fiscalização;6012;DEFESA NACIONAL;21BY;FISCALIZACAO DA NAVEGACAO AQUAVIARIA;0001;REGISTRO E FISCALIZACAO DE EMBARCACOES;00;NAO ATRIBUIDO;3;Outras Despesas Correntes;30;Material de Consumo;90;Reserva de Contingência;-272.0;0.0;0.0;0.0;0.0;0.0
2020/07;26000;Ministério da Educação;26260;Universidade Federal de Alfenas;153028;UNIVERSIDADE FEDERAL DE ALFENAS;15248.0;UNIVERSIDADE FEDERAL DE ALFENAS;26101;MINISTÉRIO DA EDUCAÇÃO;12;Educação;364;Ensino superior;2080;EDUCACAO DE QUALIDADE PARA TODOS;15R3;APOIO A EXPANSAO, REESTRUTURACAO E MODERNIZACAO DAS INSTITUICOES FEDERAIS DE ENSINO SUPERIOR;0000;APOIO A EXPANSAO DAS INSTITUICOES FEDERAIS DE ENSINO SUPERIOR - DESPESAS DIVERSAS;00;NAO ATRIBUIDO;4;Investimentos;51;Obras e Instalações;90;Reserva de Contingência;0.0;0.0;0.0;0.0;0.0;365910.97
2020/07;52000;Ministério da Defesa;52131;Comando da Marinha;781310;CAPITANIA DOS PORTOS DO ESPIRITO SANTO;1.0;TESOURO NACIONAL;52931;FUNDO NAVAL;5;Defesa nacional;152;Defesa naval;6012;DEFESA NACIONAL;21A0;APRESTAMENTO DAS FORCAS;0004;MANUTENCAO DE MEIOS OPERATIVOS DA MARINHA;00;NAO ATRIBUIDO;3;Outras Despesas Correntes;39;Outros Serviços de Terceiros - Pessoa Jurídic;90;Reserva de Contingência;0.0;0.0;20000.0;0.0;0.0;0.0
2020/07;22000;Ministério da Agricultura, Pecuária e Abastec;22000;Ministério da Agricultura, Pecuária e Abastecimento - Unidades com vínculo direto;130077;SUPERINT.FED.DE AGRIC.,PEC.E ABASTECIMENTO/MT;1.0;TESOURO NACIONAL;22101;MINISTERIO DA AGRIC.PECUARIA E ABASTECIMENTO;20;Agricultura;122;Administração geral;32;PROGRAMA DE GESTAO E MANUTENCAO DO PODER EXECUTIVO;2000;ADMINISTRACAO DA UNIDADE;000A;OPERACAO DOS SERVICOS ADMINISTRATIVOS DAS UNIDADES DESCENTRALIZADAS;00;NAO ATRIBUIDO;3;Outras Despesas Correntes;30;Material de Consumo;90;Reserva de Contingência;3564.0;4364.0;800.0;0.0;0.0;0.0
2020/07;22000;Ministério da Agricultura, Pecuária e Abastec;22201;Instituto Nacional de Colonização e Reforma Agrária;133080;SUPERINTENDENCIA REG.DO SUL DO PARA-SR/27-E;37201.0;INSTITUTO NAC. DE COLONIZACAO E REF.AGRARIA;22201;INST. NACIONAL DE COLONIZ. E REFORMA AGRARIA;21;Organização agrária;631;Reforma agrária;1040;GOVERNANCA FUNDIARIA;211A;CONSOLIDACAO DE ASSENTAMENTOS RURAIS;000A;SUPERVISAO OCUPACIONAL DE PROJETOS DE ASSENTAMENTOS;00;NAO ATRIBUIDO;3;Outras Despesas Correntes;39;Outros Serviços de Terceiros - Pessoa Jurídic;90;Reserva de Contingência;42600.0;0.0;0.0;0.0;0.0;0.0
2020/07;24000;Ministério da Ciência, Tecnologia, Inovações ;24000;Ministério da Ciência, Tecnologia, Inovações e Comunicações - Unidades com vínculo direto;240126;OBSERVATORIO NACIONAL;1.0;TESOURO NACIONAL;24101;MINIST.DA CIENCIA,TECNOL.,INOV.E COMUNICACOES;19;Ciência e Tecnologia;573;Difusão do conhecimento científico e tecnológico;2208;TECNOLOGIAS APLICADAS, INOVACAO E DESENVOLVIMENTO SUSTENTAVE;21AD;PESQUISA, DESENVOLVIMENTO E INOVACAO NAS UNIDADES DE PESQUISA DO MCTIC;0008;DESENVOLVIMENTO TECNOLOGICO, INOVACAO E METROLOGIA NAS AREAS DE GEOFISICA E TEMPO E FREQUENCIA - ON;00;NAO ATRIBUIDO;3;Outras Despesas Correntes;40;Serviços de Tecnologia da Informação e Comuni;90;Reserva de Contingência;87398.5;0.0;0.0;0.0;0.0;0.0
2020/07;26000;Ministério da Educação;26294;Hospital de Clínicas de Porto Alegre;155001;HOSPITAL DE CLINICAS DE PORTO ALEGRE;15275.0;HOSPITAL DE CLINICAS DE PORTO ALEGRE;26294;HOSPITAL DE CLINICAS DE PORTO ALEGRE;12;Educação;331;Proteção e benefícios ao trabalhador;32;PROGRAMA DE GESTAO E MANUTENCAO DO PODER EXECUTIVO;212B;BENEFICIOS OBRIGATORIOS AOS SERVIDORES CIVIS, EMPREGADOS, MILITARES E SEUS DEPENDENTES;0005;AUXILIO-ALIMENTACAO DE CIVIS;00;NAO ATRIBUIDO;3;Outras Despesas Correntes;46;Auxílio-Alimentação;90;Reserva de Contingência;0.0;2925334.59;2925334.59;0.0;0.0;0.0
2020/07;52000;Ministério da Defesa;52121;Comando do Exército;160053;11 GRUPO DE ARTILHARIA ANTIAEREA;1.0;TESOURO NACIONAL;52101;MINISTERIO DA DEFESA;5;Defesa nacional;153;Defesa terrestre;6011;COOPERACAO COM O DESENVOLVIMENTO NACIONAL;21C0;ENFRENTAMENTO DA EMERGENCIA DE SAUDE PUBLICA DE IMPORTANCIA INTERNACIONAL DECORRENTE DO CORONAVIRUS;MP12;MEDIDA PROVISORIA N. 929, DE 25 DE MARCO DE 2020 - EIXO LOGISTICO - OPERACIONAL - EMCFA;00;NAO ATRIBUIDO;3;Outras Despesas Correntes;30;Material de Consumo;90;Reserva de Contingência;8247.82;13455.09;13455.09;0.0;0.0;0.0
2020/07;52000;Ministério da Defesa;52121;Comando do Exército;160074;PARQUE REGIONAL DE MANUTENCAO/8;1.0;TESOURO NACIONAL;52121;COMANDO DO EXERCITO;5;Defesa nacional;331;Proteção e benefícios ao trabalhador;32;PROGRAMA DE GESTAO E MANUTENCAO DO PODER EXECUTIVO;212B;BENEFICIOS OBRIGATORIOS AOS SERVIDORES CIVIS, EMPREGADOS, MILITARES E SEUS DEPENDENTES;0006;ALIMENTACAO DE MILITARES EM RANCHO;00;NAO ATRIBUIDO;3;Outras Despesas Correntes;30;Material de Consumo;90;Reserva de Contingência;0.0;7937.77;0.0;0.0;0.0;0.0
2020/07;52000;Ministério da Defesa;52121;Comando do Exército;160311;ESCOLA DE APERFEICOAMENTO DE OFICIAIS;1.0;TESOURO NACIONAL;52121;COMANDO DO EXERCITO;5;Defesa nacional;331;Proteção e benefícios ao trabalhador;32;PROGRAMA DE GESTAO E MANUTENCAO DO PODER EXECUTIVO;212B;BENEFICIOS OBRIGATORIOS AOS SERVIDORES CIVIS, EMPREGADOS, MILITARES E SEUS DEPENDENTES;0006;ALIMENTACAO DE MILITARES EM RANCHO;00;NAO ATRIBUIDO;3;Outras Despesas Correntes;30;Material de Consumo;90;Reserva de Contingência;58970.5;0.0;0.0;0.0;0.0;0.0
2020/07;26000;Ministério da Educação;26421;Instituto Federal de Rondônia;158636;INST.FED.RONDÔNIA/CAMPUS JARU;26421.0;INST.FED.DE EDUC.,CIENC.E TEC.DE RONDONIA;26421;INST.FED.DE EDUC.,CIENC.E TEC.DE RONDONIA;12;Educação;363;Ensino profissional;5012;EDUCACAO PROFISSIONAL E TECNOLOGICA;20RL;FUNCIONAMENTO DAS INSTITUICOES DA REDE FEDERAL DE EDUCACAO PROFISSIONAL, CIENTIFICA E TECNOLOGICA;0000;FUNCIONAMENTO DAS INSTITUICOES DA REDE FEDERAL DE EDUCACAO PROFISSIONAL, CIENTIFICA E TECNOLOGICA;00;NAO ATRIBUIDO;4;Investimentos;52;Equipamentos e Material Permanente;90;Reserva de Contingência;50000.0;0.0;0.0;0.0;0.0;0.0
2020/07;52000;Ministério da Defesa;52121;Comando do Exército;160415;DEPOSITO DE SUBSISTENCIA SANTA MARIA;1.0;TESOURO NACIONAL;52121;COMANDO DO EXERCITO;5;Defesa nacional;331;Proteção e benefícios ao trabalhador;2108;PROGRAMA DE GESTAO E MANUTENCAO DO MINISTERIO DA DEFESA;212B;BENEFICIOS OBRIGATORIOS AOS SERVIDORES CIVIS, EMPREGADOS, MILITARES E SEUS DEPENDENTES;0006;ALIMENTACAO DE MILITARES EM RANCHO;00;NAO ATRIBUIDO;3;Outras Despesas Correntes;39;Outros Serviços de Terceiros - Pessoa Jurídic;90;Reserva de Contingência;0.0;0.0;0.0;0.0;0.0;15908.57
2020/07;25000;Ministério da Economia;25000;Ministério da Economia - Unidades com vínculo direto;170170;DELEGACIA DA RFB EM JOACABA;1.0;TESOURO NACIONAL;25103;RECEITA FEDERAL DO BRASIL;4;Administração;122;Administração geral;32;PROGRAMA DE GESTAO E MANUTENCAO DO PODER EXECUTIVO;2000;ADMINISTRACAO DA UNIDADE;0002;ADMINISTRACAO DA UNIDADE - RFB;00;NAO ATRIBUIDO;3;Outras Despesas Correntes;36;Outros Serviços de Terceiros - Pessoa Física;90;Reserva de Contingência;0.0;25428.25;6856.31;0.0;0.0;0.0
2020/07;24000;Ministério da Ciência, Tecnologia, Inovações ;24000;Ministério da Ciência, Tecnologia, Inovações e Comunicações - Unidades com vínculo direto;240137;CENTRO DE TECNOLOGIAS ESTRATEG. DO NORDESTE;1.0;TESOURO NACIONAL;24101;MINIST.DA CIENCIA,TECNOL.,INOV.E COMUNICACOES;19;Ciência e Tecnologia;122;Administração geral;32;PROGRAMA DE GESTAO E MANUTENCAO DO PODER EXECUTIVO;2000;ADMINISTRACAO DA UNIDADE;000O;ADMINISTRACAO DA UNIDADE - CETENE;00;NAO ATRIBUIDO;3;Outras Despesas Correntes;30;Material de Consumo;90;Reserva de Contingência;0.0;2322.57;2322.57;0.0;0.0;0.0
2020/07;52000;Ministério da Defesa;52121;Comando do Exército;160118;COMANDO DA 4ª REGIÃO MILITAR;1.0;TESOURO NACIONAL;52121;COMANDO DO EXERCITO;5;Defesa nacional;122;Administração geral;32;PROGRAMA DE GESTAO E MANUTENCAO DO PODER EXECUTIVO;2000;ADMINISTRACAO DA UNIDADE;0004;MANUTENCAO GERAL;00;NAO ATRIBUIDO;3;Outras Despesas Correntes;30;Material de Consumo;90;Reserva de Contingência;18599.36;11648.54;8622.97;0.0;0.0;0.0
2020/07;55000;Ministério da Cidadania;42207;Instituto Brasileiro de Museus;423031;COORDENACAO DE GESTAO DE PESSOAS;42207.0;INSTITUTO BRASILEIRO DE MUSEUS;55209;INSTITUTO BRASILEIRO DE MUSEUS;13;Cultura;331;Proteção e benefícios ao trabalhador;32;PROGRAMA DE GESTAO E MANUTENCAO DO PODER EXECUTIVO;212B;BENEFICIOS OBRIGATORIOS AOS SERVIDORES CIVIS, EMPREGADOS, MILITARES E SEUS DEPENDENTES;0003;AUXILIO-TRANSPORTE DE CIVIS;00;NAO ATRIBUIDO;3;Outras Despesas Correntes;49;Auxílio-Transporte;90;Reserva de Contingência;-15000.0;0.0;5282.25;0.0;0.0;0.0
2020/07;52000;Ministério da Defesa;52131;Comando da Marinha;783602;ESCOLA DE APREND.-MARINHEIROS DE PERNAMBUCO;1.0;TESOURO NACIONAL;52931;FUNDO NAVAL;5;Defesa nacional;152;Defesa naval;6012;DEFESA NACIONAL;21A0;APRESTAMENTO DAS FORCAS;0004;MANUTENCAO DE MEIOS OPERATIVOS DA MARINHA;00;NAO ATRIBUIDO;3;Outras Despesas Correntes;39;Outros Serviços de Terceiros - Pessoa Jurídic;90;Reserva de Contingência;0.0;0.0;2318.47;0.0;0.0;0.0
2020/07;35000;Ministério das Relações Exteriores;35000;Ministério das Relações Exteriores - Unidades com vínculo direto;240016;INSTITUTO RIO-BRANCO;1.0;TESOURO NACIONAL;35101;MINISTERIO DAS RELACOES EXTERIORES;7;Relações exteriores;573;Difusão do conhecimento científico e tecnológico;2216;POLITICA EXTERNA;00CB;CONCESSAO DE BOLSAS DE ESTUDO A ALUNOS ESTRANGEIROS, NO SISTEMA EDUCACIONAL BRASILEIRO;0000;CONCESSAO DE BOLSAS DE ESTUDO A ALUNOS ESTRANGEIROS, NO SISTEMA EDUCACIONAL BRASILEIRO;00;NAO ATRIBUIDO;3;Outras Despesas Correntes;47;Obrigações Tributárias e Contributivas;91;APLICACOES DIRETAS - OPER.INTRA-ORCAMENTARIAS;0.0;838.78;838.78;0.0;0.0;0.0
2020/07;26000;Ministério da Educação;26433;Instituto Federal do Rio de Janeiro;158157;REITORIA;26433.0;INST.FED.DE EDUC.,CIENC.E TEC.DO R.DE JANEIRO;26433;INST.FED.DE EDUC.,CIENC.E TEC.DO R.DE JANEIRO;12;Educação;363;Ensino profissional;2080;EDUCACAO DE QUALIDADE PARA TODOS;20RL;FUNCIONAMENTO DAS INSTITUICOES DA REDE FEDERAL DE EDUCACAO PROFISSIONAL, CIENTIFICA E TECNOLOGICA;0000;FUNCIONAMENTO DE INSTITUICOES FEDERAIS DE EDUCACAO PROFISSIONAL E TECNOLOGICA - DESPESAS DIVERSAS;00;NAO ATRIBUIDO;3;Outras Despesas Correntes;37;Locação de Mão-de-Obra;90;Reserva de Contingência;0.0;0.0;0.0;0.0;0.0;18432.96
2020/07;26000;Ministério da Educação;26410;Instituto Federal do Norte de Minas Gerais;156121;INST. FED. DO NORTE DE MG/CAMPUS DIAMANTINA;26410.0;INST.FED.DE EDUC.,CIENC.E TEC.DO NORTE DE MG;26410;INST.FED.DE EDUC.,CIENC.E TEC.DO NORTE DE MG;12;Educação;363;Ensino profissional;2080;EDUCACAO DE QUALIDADE PARA TODOS;6380;FOMENTO AO DESENVOLVIMENTO DA EDUCACAO PROFISSIONAL E TECNOLOGICA;0000;FOMENTO AO DESENVOLVIMENTO DA EDUCACAO PROFISSIONAL E TECNOLOGICA - DESPESAS DIVERSAS;00;NAO ATRIBUIDO;3;Outras Despesas Correntes;47;Obrigações Tributárias e Contributivas;91;APLICACOES DIRETAS - OPER.INTRA-ORCAMENTARIAS;0.0;0.0;0.0;0.0;0.0;4166.6
2020/07;44000;Ministério do Meio Ambiente;44207;Instituto Chico Mendes de Conservação da Biodiversidade;443048;INST.CHICO MENDES DE CONSER.DA BIODIVERSIDADE;44207.0;INST.CHICO MENDES DE CONSER.DA BIODIVERSIDADE;44207;INST.CHICO MENDES DE CONSER.DA BIODIVERSIDADE;18;Gestão ambiental;541;Preservação e conservação ambiental;1041;CONSERVACAO E USO SUSTENTAVEL DA BIODIVERSIDADE E DOS RECURS;20WM;APOIO A CRIACAO, GESTAO E IMPLEMENTACAO DAS UNIDADES DE CONSERVACAO FEDERAIS;0000;APOIO A CRIACAO, GESTAO E IMPLEMENTACAO DAS UNIDADES DE CONSERVACAO FEDERAIS - DESPESAS DIVERSAS;00;NAO ATRIBUIDO;3;Outras Despesas Correntes;36;Outros Serviços de Terceiros - Pessoa Física;90;Reserva de Contingência;0.0;11097.92;779.32;0.0;0.0;0.0
2020/07;25000;Ministério da Economia;37202;Instituto Nacional do Seguro Social;511401;GERÊNCIA EXECUTIVA PIRACICABA;57202.0;INSTITUTO NACIONAL DO SEGURO SOCIAL;25303;INSTITUTO NACIONAL DO SEGURO SOCIAL;9;Previdência social;122;Administração geral;32;PROGRAMA DE GESTAO E MANUTENCAO DO PODER EXECUTIVO;2000;ADMINISTRACAO DA UNIDADE;0006;FUNCIONAMENTO DAS UNIDADES DESCENTRALIZADAS DA PREVIDENCIA SOCIAL;00;NAO ATRIBUIDO;3;Outras Despesas Correntes;39;Outros Serviços de Terceiros - Pessoa Jurídic;90;Reserva de Contingência;110942.76;5985.7;53560.82;0.0;0.0;0.0
2020/07;26000;Ministério da Educação;26238;Universidade Federal de Minas Gerais;153295;COLEGIO TECNICO/UFMG;15229.0;UNIVERSIDADE FEDERAL DE MINAS GERAIS;26238;UNIVERSIDADE FEDERAL DE MINAS GERAIS;12;Educação;363;Ensino profissional;5012;EDUCACAO PROFISSIONAL E TECNOLOGICA;20RL;FUNCIONAMENTO DAS INSTITUICOES DA REDE FEDERAL DE EDUCACAO PROFISSIONAL, CIENTIFICA E TECNOLOGICA;0002;FUNCIONAMENTO DO COLEGIO TECNICO DA UFMG;00;NAO ATRIBUIDO;3;Outras Despesas Correntes;39;Outros Serviços de Terceiros - Pessoa Jurídic;90;Reserva de Contingência;0.0;11784.09;0.0;0.0;0.0;0.0
2020/07;22000;Ministério da Agricultura, Pecuária e Abastec;22211;Companhia Nacional de Abastecimento;135565;UNIDADE ARMAZENADORA RIBEIRA DO POMBAL;22211.0;COMPANHIA NACIONAL DE ABASTECIMENTO;22211;COMPANHIA NACIONAL DE ABASTECIMENTO;20;Agricultura;122;Administração geral;32;PROGRAMA DE GESTAO E MANUTENCAO DO PODER EXECUTIVO;2000;ADMINISTRACAO DA UNIDADE;0001;COORDENACAO E GESTAO DO ABASTECIMENTO AGROALIMENTAR;00;NAO ATRIBUIDO;3;Outras Despesas Correntes;47;Obrigações Tributárias e Contributivas;90;Reserva de Contingência;75.0;75.0;61.34;0.0;0.0;0.0
2020/07;52000;Ministério da Defesa;52121;Comando do Exército;160036;COMANDO 6 REGIAO MILITAR;1.0;TESOURO NACIONAL;52121;COMANDO DO EXERCITO;5;Defesa nacional;331;Proteção e benefícios ao trabalhador;32;PROGRAMA DE GESTAO E MANUTENCAO DO PODER EXECUTIVO;212B;BENEFICIOS OBRIGATORIOS AOS SERVIDORES CIVIS, EMPREGADOS, MILITARES E SEUS DEPENDENTES;0009;AUXILIO-FUNERAL E NATALIDADE DE CIVIS;00;NAO ATRIBUIDO;3;Outras Despesas Correntes;8;Outros Benefícios Assistenciais do servidor e;90;Reserva de Contingência;0.0;8797.66;8797.66;0.0;0.0;0.0
2020/07;52000;Ministério da Defesa;52131;Comando da Marinha;786800;BASE FLUVIAL DE LADARIO;1.0;TESOURO NACIONAL;52131;COMANDO DA MARINHA;5;Defesa nacional;301;Atenção básica;2108;PROGRAMA DE GESTAO E MANUTENCAO DO MINISTERIO DA DEFESA;2004;ASSISTENCIA MEDICA E ODONTOLOGICA AOS SERVIDORES CIVIS, EMPREGADOS, MILITARES E SEUS DEPENDENTES;0003;ASSISTENCIA MEDICA E ODONTOLOGICA DE MILITARES - COMPLEMENTACAO DA UNIAO;00;NAO ATRIBUIDO;3;Outras Despesas Correntes;30;Material de Consumo;90;Reserva de Contingência;0.0;0.0;0.0;0.0;0.0;318.78
2020/07;36000;Ministério da Saúde;36212;Agência Nacional de Vigilância Sanitária;253009;COORD.VIG.SANIT.DE PORTOS,AER.E FRONTEIRAS-AP;36212.0;AGENCIA NACIONAL DE VIGILANCIA SANITARIA;36212;AGENCIA NACIONAL DE VIGILANCIA SANITARIA;10;Saúde;304;Vigilância sanitária;2015;FORTALECIMENTO DO SISTEMA UNICO DE SAUDE (SUS);6138;VIGILANCIA SANITARIA EM PORTOS, AEROPORTOS, FRONTEIRAS E RECINTOS ALFANDEGADOS;0000;VIGILANCIA SANITARIA EM PORTOS, AEROPORTOS, FRONTEIRAS E RECINTOS ALFANDEGADOS;00;NAO ATRIBUIDO;3;Outras Despesas Correntes;93;Indenizações e Restituições;90;Reserva de Contingência;0.0;0.0;0.0;0.0;396.51;0.0
2020/07;52000;Ministério da Defesa;52904;Fundo do Exército;167228;26 GRUPO DE ARTILHARIA DE CAMPANHA;1.0;TESOURO NACIONAL;52921;FUNDO DO EXERCITO;5;Defesa nacional;301;Atenção básica;32;PROGRAMA DE GESTAO E MANUTENCAO DO PODER EXECUTIVO;2004;ASSISTENCIA MEDICA E ODONTOLOGICA AOS SERVIDORES CIVIS, EMPREGADOS, MILITARES E SEUS DEPENDENTES;0003;ASSISTENCIA MEDICA E ODONTOLOGICA DE MILITARES - COMPLEMENTACAO DA UNIAO;00;NAO ATRIBUIDO;3;Outras Despesas Correntes;93;Indenizações e Restituições;90;Reserva de Contingência;0.0;479.3;0.0;0.0;0.0;0.0
2020/07;25000;Ministério da Economia;37202;Instituto Nacional do Seguro Social;510677;SUPERINTENDÊNCIA REGIONAL NORDESTE;57202.0;INSTITUTO NACIONAL DO SEGURO SOCIAL;25303;INSTITUTO NACIONAL DO SEGURO SOCIAL;9;Previdência social;122;Administração geral;32;PROGRAMA DE GESTAO E MANUTENCAO DO PODER EXECUTIVO;2000;ADMINISTRACAO DA UNIDADE;0006;FUNCIONAMENTO DAS UNIDADES DESCENTRALIZADAS DA PREVIDENCIA SOCIAL;00;NAO ATRIBUIDO;3;Outras Despesas Correntes;30;Material de Consumo;90;Reserva de Contingência;0.0;0.0;148000.0;0.0;0.0;0.0
2020/07;26000;Ministério da Educação;26285;Fundação Universidade Federal de São João Del-Rei;154069;FUNDACAO UNIVERSIDADE FEDERAL DE S.J.DEL-REI;15276.0;FUNDACAO UNIVERSIDADE FEDERAL DE S.J DEL-REI;26285;FUNDACAO UNIVERSIDADE FEDERAL DE S.J.DEL-REI;12;Educação;364;Ensino superior;32;PROGRAMA DE GESTAO E MANUTENCAO DO PODER EXECUTIVO;20TP;ATIVOS CIVIS DA UNIAO;0000;ATIVOS CIVIS DA UNIAO;00;NAO ATRIBUIDO;1;Pessoal e Encargos Sociais;91;Sentenças Judiciais;90;Reserva de Contingência;0.0;0.0;1577.63;0.0;0.0;0.0
2020/07;24000;Ministério da Ciência, Tecnologia, Inovações ;20501;Conselho Nacional de Desenvolvimento Científico e Tecnológico;364102;CONSELHO NAC DE DESENV CIENT E TECNOLOGICO;36201.0;CONSELHO NAC.DE DESENV.CIENTIFICO TECNOLOGICO;24201;CONSELHO NAC.DE DESENV.CIENTIF.E TECNOLOGICO;19;Ciência e Tecnologia;122;Administração geral;32;PROGRAMA DE GESTAO E MANUTENCAO DO PODER EXECUTIVO;2000;ADMINISTRACAO DA UNIDADE;0000;ADMINISTRACAO DA UNIDADE - DESPESAS DIVERSAS;00;NAO ATRIBUIDO;4;Investimentos;40;Serviços de Tecnologia da Informação e Comuni;90;Reserva de Contingência;0.0;-762653.87;-221988.01;0.0;0.0;0.0
2020/07;52000;Ministério da Defesa;52121;Comando do Exército;160344;COMANDO 7ª BRIGADA DE INFANTARIA MOTORIZADA;1.0;TESOURO NACIONAL;52921;FUNDO DO EXERCITO;5;Defesa nacional;122;Administração geral;2108;PROGRAMA DE GESTAO E MANUTENCAO DO MINISTERIO DA DEFESA;2000;ADMINISTRACAO DA UNIDADE;0004;MANUTENCAO GERAL;00;NAO ATRIBUIDO;3;Outras Despesas Correntes;30;Material de Consumo;90;Reserva de Contingência;0.0;0.0;0.0;0.0;0.0;1760.22
2020/07;25000;Ministério da Economia;25000;Ministério da Economia - Unidades com vínculo direto;170066;DELEGACIA DA RFB EM MACEIO;1.0;TESOURO NACIONAL;25103;RECEITA FEDERAL DO BRASIL;4;Administração;125;Normatização e fiscalização;2110;PROGRAMA DE GESTAO E MANUTENCAO DO MINISTERIO DA ECONOMIA;20VF;FORTALECIMENTO INSTITUCIONAL;000B;REAPARELHAMENTO DAS UNIDADES OPERACIONAIS;00;NAO ATRIBUIDO;4;Investimentos;52;Equipamentos e Material Permanente;90;Reserva de Contingência;0.0;0.0;0.0;0.0;0.0;15519.5
2020/07;52000;Ministério da Defesa;52121;Comando do Exército;160052;1 REGIMENTO DE CAVALARIA DE GUARDA;1.0;TESOURO NACIONAL;52121;COMANDO DO EXERCITO;5;Defesa nacional;122;Administração geral;32;PROGRAMA DE GESTAO E MANUTENCAO DO PODER EXECUTIVO;2000;ADMINISTRACAO DA UNIDADE;0004;MANUTENCAO GERAL;00;NAO ATRIBUIDO;3;Outras Despesas Correntes;39;Outros Serviços de Terceiros - Pessoa Jurídic;90;Reserva de Contingência;0.0;137113.25;4444.11;0.0;0.0;0.0
2020/07;26000;Ministério da Educação;26402;Instituto Federal de Alagoas;152802;INST.FED.DE ALAGOAS/CAMPUS PIRANHAS;26402.0;INST.FED.DE EDUC.,CIENC.E TEC.DE ALAGOAS;26402;INST.FED.DE EDUC.,CIENC.E TEC.DE ALAGOAS;12;Educação;363;Ensino profissional;2080;EDUCACAO DE QUALIDADE PARA TODOS;20RG;REESTRUTURACAO E MODERNIZACAO DAS INSTITUICOES DA REDE FEDERAL DE EDUCACAO PROFISSIONAL, CIENTIFICA E TECNOLOGICA;0000;REESTRUTURACAO E MODERNIZACAO DE INSTITUICOES FEDERAIS DE EDUCACAO PROFISSIONAL E TECNOLOGICA - DESPESAS DIVERSAS;00;NAO ATRIBUIDO;4;Investimentos;52;Equipamentos e Material Permanente;90;Reserva de Contingência;0.0;0.0;0.0;0.0;0.0;4.86
2020/07;25000;Ministério da Economia;37202;Instituto Nacional do Seguro Social;510678;SUPERINTENDÊNCIA REGIONAL NORTE/CENTRO-OESTE;57202.0;INSTITUTO NACIONAL DO SEGURO SOCIAL;25303;INSTITUTO NACIONAL DO SEGURO SOCIAL;9;Previdência social;271;Previdência básica;2214;NOVA PREVIDENCIA;2591;RECONHECIMENTO DE DIREITOS DE BENEFICIOS PREVIDENCIARIOS;0003;SERVICO DE ANALISE DOS PROCESSOS PARA RECONHECIMENTO DE DIREITO A BENEFICIOS PREVIDENCIARIOS;00;NAO ATRIBUIDO;3;Outras Despesas Correntes;14;Diárias - Civil;90;Reserva de Contingência;40348.0;30859.53;33628.65;0.0;0.0;0.0
2020/07;52000;Ministério da Defesa;52121;Comando do Exército;160497;2 INSPETORIA DE CONTABILIDADE E FINANCAS;1.0;TESOURO NACIONAL;52121;COMANDO DO EXERCITO;5;Defesa nacional;331;Proteção e benefícios ao trabalhador;6012;DEFESA NACIONAL;212O;MOVIMENTACAO DE MILITARES;0000;MOVIMENTACAO DE MILITARES;00;NAO ATRIBUIDO;3;Outras Despesas Correntes;93;Indenizações e Restituições;90;Reserva de Contingência;0.0;0.0;1333.8;0.0;0.0;0.0
2020/07;52000;Ministério da Defesa;52121;Comando do Exército;160109;4ª COMPANHIA DE COMUNICAÇÕES LEVE-MONTANHA;1.0;TESOURO NACIONAL;52121;COMANDO DO EXERCITO;5;Defesa nacional;122;Administração geral;32;PROGRAMA DE GESTAO E MANUTENCAO DO PODER EXECUTIVO;2000;ADMINISTRACAO DA UNIDADE;0004;MANUTENCAO GERAL;00;NAO ATRIBUIDO;3;Outras Despesas Correntes;30;Material de Consumo;90;Reserva de Contingência;7278.02;3605.69;8199.6;0.0;0.0;0.0
2020/07;52000;Ministério da Defesa;52121;Comando do Exército;160548;COMANDO DE OPERACOES TERRESTRES - UG;1.0;TESOURO NACIONAL;52121;COMANDO DO EXERCITO;5;Defesa nacional;153;Defesa terrestre;6012;DEFESA NACIONAL;21A0;APRESTAMENTO DAS FORCAS;000C;EMPREGO SINGULAR DA FORCA TERRESTRE;00;NAO ATRIBUIDO;3;Outras Despesas Correntes;33;Passagens e Despesas com Locomoção;90;Reserva de Contingência;0.0;1108.57;0.0;0.0;0.0;0.0
2020/07;26000;Ministério da Educação;26298;Fundo Nacional de Desenvolvimento da Educação;153173;FUNDO NACIONAL DE DESENVOLVIMENTO DA EDUCACAO;15253.0;FUNDO NACIONAL DE DESENVOLVIMENTO DA EDUCACAO;26298;FUNDO NACIONAL DE DESENVOLVIMENTO DA EDUCACAO;12;Educação;122;Administração geral;32;PROGRAMA DE GESTAO E MANUTENCAO DO PODER EXECUTIVO;2000;ADMINISTRACAO DA UNIDADE;0000;ADMINISTRACAO DA UNIDADE;00;NAO ATRIBUIDO;3;Outras Despesas Correntes;36;Outros Serviços de Terceiros - Pessoa Física;90;Reserva de Contingência;0.0;0.0;64289.43;0.0;0.0;0.0
2020/07;52000;Ministério da Defesa;52121;Comando do Exército;160063;CENTRO DE PAGAMENTO DO EXERCITO;1.0;TESOURO NACIONAL;52121;COMANDO DO EXERCITO;28;Encargos especiais;846;Outros encargos especiais;909;OPERACOES ESPECIAIS: OUTROS ENCARGOS ESPECIAIS;0739;INDENIZACAO A ANISTIADOS POLITICOS EM PRESTACAO UNICA OU EM PRESTACAO MENSAL, PERMANENTE E CONTINUADA, NOS TERMOS DA LEI N. 10.559, DE 2002;0000;INDENIZACAO A ANISTIADOS POLITICOS EM PRESTACAO UNICA OU EM PRESTACAO MENSAL, PERMANENTE E CONTINUADA, NOS TERMOS DA LEI N. 10.559, DE 2002;00;NAO ATRIBUIDO;1;Pessoal e Encargos Sociais;91;Sentenças Judiciais;90;Reserva de Contingência;0.0;0.0;6731.15;0.0;0.0;0.0
2020/07;26000;Ministério da Educação;26285;Fundação Universidade Federal de São João Del-Rei;154069;FUNDACAO UNIVERSIDADE FEDERAL DE S.J.DEL-REI;15276.0;FUNDACAO UNIVERSIDADE FEDERAL DE S.J DEL-REI;26285;FUNDACAO UNIVERSIDADE FEDERAL DE S.J.DEL-REI;12;Educação;331;Proteção e benefícios ao trabalhador;32;PROGRAMA DE GESTAO E MANUTENCAO DO PODER EXECUTIVO;212B;BENEFICIOS OBRIGATORIOS AOS SERVIDORES CIVIS, EMPREGADOS, MILITARES E SEUS DEPENDENTES;0005;AUXILIO-ALIMENTACAO DE CIVIS;00;NAO ATRIBUIDO;3;Outras Despesas Correntes;96;Ressarcimento de Despesas de Pessoal Requisit;90;Reserva de Contingência;0.0;0.0;1150.0;0.0;0.0;0.0
2020/07;52000;Ministério da Defesa;52121;Comando do Exército;160238;BASE DE APOIO LOGíSTICO DO EXéRCITO;1.0;TESOURO NACIONAL;52121;COMANDO DO EXERCITO;5;Defesa nacional;153;Defesa terrestre;6012;DEFESA NACIONAL;21A0;APRESTAMENTO DAS FORCAS;0004;LOGISTICA DE MATERIAL DE INTENDENCIA;00;NAO ATRIBUIDO;3;Outras Despesas Correntes;15;Diárias - Militar;90;Reserva de Contingência;-1300.55;0.0;0.0;0.0;0.0;0.0
2020/07;36000;Ministério da Saúde;36212;Agência Nacional de Vigilância Sanitária;253012;COORD.VIG.SANIT.DE PORTOS,AER.E FRONTEIRAS-RJ;36212.0;AGENCIA NACIONAL DE VIGILANCIA SANITARIA;36212;AGENCIA NACIONAL DE VIGILANCIA SANITARIA;10;Saúde;304;Vigilância sanitária;2015;FORTALECIMENTO DO SISTEMA UNICO DE SAUDE (SUS);6138;VIGILANCIA SANITARIA EM PORTOS, AEROPORTOS, FRONTEIRAS E RECINTOS ALFANDEGADOS;0000;VIGILANCIA SANITARIA EM PORTOS, AEROPORTOS, FRONTEIRAS E RECINTOS ALFANDEGADOS;00;NAO ATRIBUIDO;3;Outras Despesas Correntes;39;Outros Serviços de Terceiros - Pessoa Jurídic;90;Reserva de Contingência;0.0;0.0;0.0;0.0;0.0;410.54
2020/07;53000;Ministério do Desenvolvimento Regional;22204;Departamento Nacional de Obras Contra as Secas;193004;DNOCS - CEST/RN - NATAL-RN;11203.0;DEPARTAMENTO NAC. DE OBRAS CONTRA AS SECAS;53204;DEPARTAMENTO NAC. DE OBRAS CONTRA AS SECAS;9;Previdência social;272;Previdência do regime estatutário;32;PROGRAMA DE GESTAO E MANUTENCAO DO PODER EXECUTIVO;0181;APOSENTADORIAS E PENSOES CIVIS DA UNIAO;0000;APOSENTADORIAS E PENSOES CIVIS DA UNIAO;00;NAO ATRIBUIDO;1;Pessoal e Encargos Sociais;1;Aposentadorias do RPPS, Reserva Remunerada e ;90;Reserva de Contingência;60799.44;60799.44;60799.44;0.0;0.0;0.0
2020/07;26000;Ministério da Educação;26264;Universidade Federal Rural do Semi-Árido;154862;UNIV.FED. RURAL DO SEMI-ARIDO CAMP.CARAUBAS;15252.0;UNIVERSIDADE FEDERAL RURAL DO SEMI-ARIDO - RN;26264;UNIVERSIDADE FEDERAL RURAL DO SEMI-ARIDO;12;Educação;364;Ensino superior;2080;EDUCACAO DE QUALIDADE PARA TODOS;4002;ASSISTENCIA AO ESTUDANTE DE ENSINO SUPERIOR;0000;ASSISTENCIA AO ESTUDANTE DE ENSINO SUPERIOR - DESPESAS DIVERSAS;00;NAO ATRIBUIDO;3;Outras Despesas Correntes;39;Outros Serviços de Terceiros - Pessoa Jurídic;90;Reserva de Contingência;0.0;0.0;0.0;0.0;0.0;21387.04
2020/07;52000;Ministério da Defesa;52121;Comando do Exército;160520;23 BATALHAO LOGISTICO DE SELVA;1.0;TESOURO NACIONAL;52121;COMANDO DO EXERCITO;5;Defesa nacional;331;Proteção e benefícios ao trabalhador;32;PROGRAMA DE GESTAO E MANUTENCAO DO PODER EXECUTIVO;212B;BENEFICIOS OBRIGATORIOS AOS SERVIDORES CIVIS, EMPREGADOS, MILITARES E SEUS DEPENDENTES;0006;ALIMENTACAO DE MILITARES EM RANCHO;00;NAO ATRIBUIDO;3;Outras Despesas Correntes;39;Outros Serviços de Terceiros - Pessoa Jurídic;90;Reserva de Contingência;176000.0;0.0;5225.06;0.0;0.0;0.0
2020/07;26000;Ministério da Educação;26402;Instituto Federal de Alagoas;158147;INST.FED.DE EDUC.,CIENC.E TEC.DE ALAGOAS;26402.0;INST.FED.DE EDUC.,CIENC.E TEC.DE ALAGOAS;26402;INST.FED.DE EDUC.,CIENC.E TEC.DE ALAGOAS;12;Educação;363;Ensino profissional;5012;EDUCACAO PROFISSIONAL E TECNOLOGICA;20RL;FUNCIONAMENTO DAS INSTITUICOES DA REDE FEDERAL DE EDUCACAO PROFISSIONAL, CIENTIFICA E TECNOLOGICA;0000;FUNCIONAMENTO DAS INSTITUICOES DA REDE FEDERAL DE EDUCACAO PROFISSIONAL, CIENTIFICA E TECNOLOGICA;00;NAO ATRIBUIDO;3;Outras Despesas Correntes;37;Locação de Mão-de-Obra;90;Reserva de Contingência;37475.16;62468.72;75593.91;0.0;0.0;0.0
2020/07;26000;Ministério da Educação;26263;Universidade Federal de Lavras;153032;UNIVERSIDADE FEDERAL DE LAVRAS;15251.0;UNIVERSIDADE FEDERAL DE LAVRAS;26101;MINISTÉRIO DA EDUCAÇÃO;12;Educação;364;Ensino superior;5013;EDUCACAO SUPERIOR - GRADUACAO, POS-GRADUACAO, ENSINO, PESQUI;00P1;APOIO A RESIDENCIA EM SAUDE;0000;APOIO A RESIDENCIA EM SAUDE;00;NAO ATRIBUIDO;3;Outras Despesas Correntes;48;Outros Auxílios Financeiros a Pessoas Físicas;90;Reserva de Contingência;0.0;0.0;112635.42;0.0;0.0;0.0
2020/07;26000;Ministério da Educação;26201;Colégio Pedro II;155636;COLÉGIO PEDRO II - CAMPUS ENGENHO NOVO II;15201.0;COLEGIO PEDRO II;26201;COLEGIO PEDRO II;12;Educação;368;Educação básica;5011;EDUCACAO BASICA DE QUALIDADE;20RI;FUNCIONAMENTO DAS INSTITUICOES FEDERAIS DE EDUCACAO BASICA;0000;FUNCIONAMENTO DAS INSTITUICOES FEDERAIS DE EDUCACAO BASICA - DESPESAS DIVERSAS;00;NAO ATRIBUIDO;3;Outras Despesas Correntes;39;Outros Serviços de Terceiros - Pessoa Jurídic;90;Reserva de Contingência;0.0;32713.57;12.5;0.0;0.0;0.0
2020/07;26000;Ministério da Educação;26412;Instituto Federal do Sul de Minas Gerais;154809;IFSULDEMINAS - CAMPUS POÇOS DE CALDAS;26412.0;INST.FED.DE EDUC.,CIENC.E TEC.DO SUL DE MG;26412;INST.FED.DE EDUC.,CIENC.E TEC.DO SUL DE MG;12;Educação;363;Ensino profissional;2080;EDUCACAO DE QUALIDADE PARA TODOS;20RL;FUNCIONAMENTO DAS INSTITUICOES DA REDE FEDERAL DE EDUCACAO PROFISSIONAL, CIENTIFICA E TECNOLOGICA;0000;FUNCIONAMENTO DE INSTITUICOES FEDERAIS DE EDUCACAO PROFISSIONAL E TECNOLOGICA - DESPESAS DIVERSAS;00;NAO ATRIBUIDO;3;Outras Despesas Correntes;39;Outros Serviços de Terceiros - Pessoa Jurídic;90;Reserva de Contingência;0.0;0.0;0.0;0.0;0.0;4923.28
2020/07;35000;Ministério das Relações Exteriores;35000;Ministério das Relações Exteriores - Unidades com vínculo direto;240090;DELEGACAO DO BRASIL/MRE JUNTO à ONU;1.0;TESOURO NACIONAL;35101;MINISTERIO DAS RELACOES EXTERIORES;7;Relações exteriores;211;Relações diplomáticas;2216;POLITICA EXTERNA;20WX;RELACOES E NEGOCIACOES MULTILATERAIS;000E;SERVICOS E MANUTENCAO DO POSTO (SMP);00;NAO ATRIBUIDO;3;Outras Despesas Correntes;40;Serviços de Tecnologia da Informação e Comuni;90;Reserva de Contingência;0.0;1834.48;1834.48;0.0;0.0;0.0
2020/07;22000;Ministério da Agricultura, Pecuária e Abastec;22000;Ministério da Agricultura, Pecuária e Abastecimento - Unidades com vínculo direto;130025;SUPERINT.FED.DE AGRIC.,PEC.E ABASTECIMENTO/PE;1.0;TESOURO NACIONAL;22101;MINISTERIO DA AGRIC.PECUARIA E ABASTECIMENTO;20;Agricultura;125;Normatização e fiscalização;2202;DEFESA AGROPECUARIA;214W;MODERNIZACAO E FORTALECIMENTO DA DEFESA AGROPECUARIA;000B;INSPECAO DE PRODUTOS DE ORIGEM ANIMAL;00;NAO ATRIBUIDO;3;Outras Despesas Correntes;40;Serviços de Tecnologia da Informação e Comuni;90;Reserva de Contingência;348.0;0.0;0.0;0.0;0.0;0.0
2020/07;25000;Ministério da Economia;37202;Instituto Nacional do Seguro Social;510181;SUPERINTENDÊNCIA REGIONAL SUL;57202.0;INSTITUTO NACIONAL DO SEGURO SOCIAL;25303;INSTITUTO NACIONAL DO SEGURO SOCIAL;9;Previdência social;122;Administração geral;32;PROGRAMA DE GESTAO E MANUTENCAO DO PODER EXECUTIVO;2000;ADMINISTRACAO DA UNIDADE;0006;FUNCIONAMENTO DAS UNIDADES DESCENTRALIZADAS DA PREVIDENCIA SOCIAL;00;NAO ATRIBUIDO;3;Outras Despesas Correntes;30;Material de Consumo;90;Reserva de Contingência;181.0;151861.0;151861.0;0.0;0.0;0.0
2020/07;25000;Ministério da Economia;37202;Instituto Nacional do Seguro Social;510170;GERÊNCIA EXECUTIVA FLORIANÓPOLIS;57202.0;INSTITUTO NACIONAL DO SEGURO SOCIAL;25303;INSTITUTO NACIONAL DO SEGURO SOCIAL;9;Previdência social;122;Administração geral;32;PROGRAMA DE GESTAO E MANUTENCAO DO PODER EXECUTIVO;2000;ADMINISTRACAO DA UNIDADE;0006;FUNCIONAMENTO DAS UNIDADES DESCENTRALIZADAS DA PREVIDENCIA SOCIAL;00;NAO ATRIBUIDO;3;Outras Despesas Correntes;30;Material de Consumo;90;Reserva de Contingência;0.0;0.0;2996.9;0.0;0.0;0.0
2020/07;25000;Ministério da Economia;25000;Ministério da Economia - Unidades com vínculo direto;170050;GERêNCIA REG.DE ADMINISTRACÃO DO ME - PARAíBA;1.0;TESOURO NACIONAL;25101;MINISTERIO DA FAZENDA;4;Administração;127;Ordenamento territorial;2209;BRASIL, NOSSO PROPOSITO;20U4;GOVERNANCA DO PATRIMONIO IMOBILIARIO DA UNIAO;0006;GESTAO E FORTALECIMENTO DAS UNIDADES DA SECRETARIA DE PATRIMONIO DA UNIAO;00;NAO ATRIBUIDO;3;Outras Despesas Correntes;39;Outros Serviços de Terceiros - Pessoa Jurídic;90;Reserva de Contingência;337.61;7749.21;7749.21;0.0;0.0;0.0
2020/07;25000;Ministério da Economia;37202;Instituto Nacional do Seguro Social;510907;GERÊNCIA EXECUTIVA CAXIAS DO SUL;57202.0;INSTITUTO NACIONAL DO SEGURO SOCIAL;25303;INSTITUTO NACIONAL DO SEGURO SOCIAL;9;Previdência social;122;Administração geral;32;PROGRAMA DE GESTAO E MANUTENCAO DO PODER EXECUTIVO;2000;ADMINISTRACAO DA UNIDADE;0006;FUNCIONAMENTO DAS UNIDADES DESCENTRALIZADAS DA PREVIDENCIA SOCIAL;00;NAO ATRIBUIDO;3;Outras Despesas Correntes;37;Locação de Mão-de-Obra;90;Reserva de Contingência;-24347.79;213029.58;219318.23;0.0;0.0;0.0
2020/07;25000;Ministério da Economia;37202;Instituto Nacional do Seguro Social;511339;GERÊNCIA EXECUTIVA SÃO PAULO-SUL;57202.0;INSTITUTO NACIONAL DO SEGURO SOCIAL;55901;FUNDO NACIONAL DE ASSISTENCIA SOCIAL;8;Assistência social;242;Assistência ao portador de deficiência;5031;PROTECAO SOCIAL NO AMBITO DO SISTEMA UNICO DE ASSISTENCIA SO;00IN;BENEFICIOS DE PRESTACAO CONTINUADA (BPC) A PESSOA COM DEFICIENCIA E DA RENDA MENSAL VITALICIA (RMV) POR INVALIDEZ;0001;BENEFICIO DE PRESTACAO CONTINUADA (BPC) DA ASSISTENCIA SOCIAL A PESSOA COM DEFICIENCIA;00;NAO ATRIBUIDO;3;Outras Despesas Correntes;91;Sentenças Judiciais;90;Reserva de Contingência;30263.15;13585.0;13585.0;0.0;0.0;0.0
2020/07;26000;Ministério da Educação;26272;Fundação Universidade do Maranhão;154041;FUNDACAO UNIVERSIDADE DO MARANHAO;15258.0;FUNDACAO UNIVERSIDADE DO MARANHAO;26272;FUNDACAO UNIVERSIDADE DO MARANHAO;12;Educação;364;Ensino superior;5013;EDUCACAO SUPERIOR - GRADUACAO, POS-GRADUACAO, ENSINO, PESQUI;20RK;FUNCIONAMENTO DE INSTITUICOES FEDERAIS DE ENSINO SUPERIOR;0000;FUNCIONAMENTO DE INSTITUICOES FEDERAIS DE ENSINO SUPERIOR - DESPESAS DIVERSAS;00;NAO ATRIBUIDO;3;Outras Despesas Correntes;47;Obrigações Tributárias e Contributivas;90;Reserva de Contingência;137000.0;26767.69;0.0;0.0;0.0;0.0
2020/07;26000;Ministério da Educação;26443;Empresa Brasileira de Serviços Hospitalares;155016;EBSERH HU-UFGD;26443.0;EMPRESA BRASILEIRA DE SERVICOS HOSPITALARES;36901;FUNDO NACIONAL DE SAUDE;10;Saúde;302;Assistência hospitalar e ambulatorial;5018;ATENCAO ESPECIALIZADA A SAUDE;8585;ATENCAO A SAUDE DA POPULACAO PARA PROCEDIMENTOS EM MEDIA E ALTA COMPLEXIDADE;0000;ATENCAO A SAUDE DA POPULACAO PARA PROCEDIMENTOS EM MEDIA E ALTA COMPLEXIDADE - DESPESAS DIVERSAS;00;NAO ATRIBUIDO;3;Outras Despesas Correntes;37;Locação de Mão-de-Obra;90;Reserva de Contingência;96833.36;304001.9;0.0;0.0;0.0;0.0
2020/07;52000;Ministério da Defesa;52121;Comando do Exército;160006;1 BATALHAO DE INFANTARIA DE SELVA(AEROMOVEL);1.0;TESOURO NACIONAL;52121;COMANDO DO EXERCITO;5;Defesa nacional;122;Administração geral;32;PROGRAMA DE GESTAO E MANUTENCAO DO PODER EXECUTIVO;2000;ADMINISTRACAO DA UNIDADE;0004;MANUTENCAO GERAL;00;NAO ATRIBUIDO;3;Outras Despesas Correntes;39;Outros Serviços de Terceiros - Pessoa Jurídic;90;Reserva de Contingência;0.0;1264.69;221.41;0.0;0.0;0.0
2020/07;39000;Ministério da Infraestrutura;39000;Ministério da Infraestrutura - Unidades com vínculo direto;390007;COORDENACAO-GERAL DE GESTAO DE PESSOAS;1.0;TESOURO NACIONAL;39101;MINISTERIO DA INFRAESTRUTURA - MINFRA;26;Transporte;331;Proteção e benefícios ao trabalhador;32;PROGRAMA DE GESTAO E MANUTENCAO DO PODER EXECUTIVO;212B;BENEFICIOS OBRIGATORIOS AOS SERVIDORES CIVIS, EMPREGADOS, MILITARES E SEUS DEPENDENTES;0001;ASSISTENCIA PRE-ESCOLAR AOS DEPENDENTES DE SERVIDORES CIVIS E DE EMPREGADOS;00;NAO ATRIBUIDO;3;Outras Despesas Correntes;8;Outros Benefícios Assistenciais do servidor e;90;Reserva de Contingência;0.0;0.0;19837.8;0.0;0.0;0.0
2020/07;52000;Ministério da Defesa;52904;Fundo do Exército;167365;HOSPITAL DE GUARNICAO DE BAGE;1.0;TESOURO NACIONAL;52921;FUNDO DO EXERCITO;5;Defesa nacional;301;Atenção básica;32;PROGRAMA DE GESTAO E MANUTENCAO DO PODER EXECUTIVO;2004;ASSISTENCIA MEDICA E ODONTOLOGICA AOS SERVIDORES CIVIS, EMPREGADOS, MILITARES E SEUS DEPENDENTES;0003;ASSISTENCIA MEDICA E ODONTOLOGICA DE MILITARES - COMPLEMENTACAO DA UNIAO;00;NAO ATRIBUIDO;4;Investimentos;52;Equipamentos e Material Permanente;90;Reserva de Contingência;5990.4;0.0;0.0;0.0;0.0;0.0
2020/07;30000;Ministério da Justiça e Segurança Pública;30911;Fundo Nacional de Segurança Pública;200331;FUNDO NACIONAL DE SEGURANÇA PÚBLICA - FNSP;1.0;TESOURO NACIONAL;30911;FUNDO NACIONAL DE SEGURANCA PUBLICA - FNSP;6;Segurança pública;181;Policiamento;5016;SEGURANCA PUBLICA, COMBATE A CORRUPCAO, AO CRIME ORGANIZADO;21BQ;IMPLEMENTACAO DE POLITICAS DE SEGURANCA PUBLICA, PREVENCAO, E ENFRENTAMENTO A CRIMINALIDADE;000E;MANUTENCAO DE ACOES NECESSARIAS A POLITICA DE GESTAO INTEGRADA - COORDENACAO E GOVERNANCA;00;NAO ATRIBUIDO;3;Outras Despesas Correntes;14;Diárias - Civil;90;Reserva de Contingência;0.0;738100.54;738100.54;0.0;0.0;0.0
2020/07;25000;Ministério da Economia;25000;Ministério da Economia - Unidades com vínculo direto;170607;DIRETORIA DE ADMINISTRACAO E LOGISTICA;;;25101;MINISTERIO DA FAZENDA;4;Administração;122;Administração geral;2110;PROGRAMA DE GESTAO E MANUTENCAO DO MINISTERIO DA ECONOMIA;2000;ADMINISTRACAO DA UNIDADE;MDC2;DESPESAS GERAIS DA ADMINISTRACAO - MDIC;00;NAO ATRIBUIDO;3;Outras Despesas Correntes;39;Outros Serviços de Terceiros - Pessoa Jurídic;90;Reserva de Contingência;0.0;0.0;0.0;40145.3;0.0;0.0
2020/07;25000;Ministério da Economia;25205;Fundação Instituto Brasileiro de Geografia e Estatística;114612;UNIDADE ESTADUAL DO IBGE NO RIO G. NORTE;11301.0;FUNDACAO INSTITUTO BRAS.GEOGR. E ESTATISTICA;25301;FUND. INST.BRASIL. DE GEOGRAFIA E ESTATISTICA;4;Administração;122;Administração geral;32;PROGRAMA DE GESTAO E MANUTENCAO DO PODER EXECUTIVO;2000;ADMINISTRACAO DA UNIDADE;0003;DESPESAS GERAIS DA ADMINISTRACAO;00;NAO ATRIBUIDO;3;Outras Despesas Correntes;39;Outros Serviços de Terceiros - Pessoa Jurídic;90;Reserva de Contingência;0.0;4632.93;4632.93;0.0;0.0;0.0
2020/07;26000;Ministério da Educação;26414;Instituto Federal do Mato Grosso;158492;INST.FED.MATO GROSSO/CAMPUS CAMPO N. PARECIS;26414.0;INST.FED.DE EDUC.,CIENC.E TEC.DO MATO GROSSO;26101;MINISTÉRIO DA EDUCAÇÃO;12;Educação;122;Administração geral;5013;EDUCACAO SUPERIOR - GRADUACAO, POS-GRADUACAO, ENSINO, PESQUI;21C0;ENFRENTAMENTO DA EMERGENCIA DE SAUDE PUBLICA DE IMPORTANCIA INTERNACIONAL DECORRENTE DO CORONAVIRUS;CV21;MEDIDA PROVISORIA N. 942, DE 2/4/20, PARA ACOES NO AMBITO DAS INSTITUICOES FEDERAIS DE EDUCACAO PROFISSIONAL, CIENTIFICA E TECNOLOGICA;00;NAO ATRIBUIDO;4;Investimentos;20;Auxílio Financeiro a Pesquisadores;90;Reserva de Contingência;7130.0;7130.0;7130.0;0.0;0.0;0.0
2020/07;32000;Ministério de Minas e Energia;32396;Agência Nacional de Mineração;323107;GERêNCIA REGIONAL DA ANM - MT;32396.0;AGENCIA NACIONAL DE MINERACAO;32396;AGENCIA NACIONAL DE MINERACAO;22;Indústria;122;Administração geral;32;PROGRAMA DE GESTAO E MANUTENCAO DO PODER EXECUTIVO;2000;ADMINISTRACAO DA UNIDADE;000C;ADMINISTRACAO DA GERENCIA REGIONAL DA ANM DE MATO GROSSO;00;NAO ATRIBUIDO;3;Outras Despesas Correntes;39;Outros Serviços de Terceiros - Pessoa Jurídic;90;Reserva de Contingência;3700.0;4986.56;4986.56;0.0;0.0;0.0
2020/07;26000;Ministério da Educação;26241;Universidade Federal do Paraná;153079;UNIVERSIDADE FEDERAL DO PARANA;15232.0;UNIVERSIDADE FEDERAL DO PARANA;26241;UNIVERSIDADE FEDERAL DO PARANA;12;Educação;364;Ensino superior;5013;EDUCACAO SUPERIOR - GRADUACAO, POS-GRADUACAO, ENSINO, PESQUI;20RK;FUNCIONAMENTO DE INSTITUICOES FEDERAIS DE ENSINO SUPERIOR;0000;FUNCIONAMENTO DE INSTITUICOES FEDERAIS DE ENSINO SUPERIOR - DESPESAS DIVERSAS;00;NAO ATRIBUIDO;3;Outras Despesas Correntes;36;Outros Serviços de Terceiros - Pessoa Física;90;Reserva de Contingência;0.0;4582.86;53595.53;0.0;0.0;0.0
2020/07;52000;Ministério da Defesa;52121;Comando do Exército;160050;HOSPITAL GERAL DE FORTALEZA;1.0;TESOURO NACIONAL;52121;COMANDO DO EXERCITO;5;Defesa nacional;331;Proteção e benefícios ao trabalhador;32;PROGRAMA DE GESTAO E MANUTENCAO DO PODER EXECUTIVO;212B;BENEFICIOS OBRIGATORIOS AOS SERVIDORES CIVIS, EMPREGADOS, MILITARES E SEUS DEPENDENTES;0006;ALIMENTACAO DE MILITARES EM RANCHO;00;NAO ATRIBUIDO;3;Outras Despesas Correntes;39;Outros Serviços de Terceiros - Pessoa Jurídic;90;Reserva de Contingência;0.0;9848.64;0.0;0.0;0.0;0.0
2020/07;26000;Ministério da Educação;26429;Instituto Federal de Educação, Ciência e Tecnologia de Goiás;158434;INST.FED.DE GOIAS/CAMPUS URUAÇU;26429.0;INST.FED.DE EDUC.,CIENC.E TEC.DE GOIAS;26429;INST.FED.DE EDUC.,CIENC.E TEC.DE GOIAS;12;Educação;363;Ensino profissional;5012;EDUCACAO PROFISSIONAL E TECNOLOGICA;2994;ASSISTENCIA AOS ESTUDANTES DAS INSTITUICOES FEDERAIS DE EDUCACAO PROFISSIONAL E TECNOLOGICA;0000;ASSISTENCIA AOS ESTUDANTES DAS INSTITUICOES FEDERAIS DE EDUCACAO PROFISSIONAL E TECNOLOGICA - DESPESAS DIVERSAS;00;NAO ATRIBUIDO;3;Outras Despesas Correntes;18;Auxílio Financeiro a Estudantes;90;Reserva de Contingência;33432.08;-240.0;74520.0;0.0;0.0;0.0
2020/07;24000;Ministério da Ciência, Tecnologia, Inovações ;20301;Comissão Nacional de Energia Nuclear;113201;COMISSAO NACIONAL DE ENERGIA NUCLEAR;11501.0;COMISSAO NACIONAL DE ENERGIA NUCLEAR;24204;COMISSAO NACIONAL DE ENERGIA NUCLEAR - CNEN;19;Ciência e Tecnologia;122;Administração geral;32;PROGRAMA DE GESTAO E MANUTENCAO DO PODER EXECUTIVO;20TP;ATIVOS CIVIS DA UNIAO;0000;ATIVOS CIVIS DA UNIAO;00;NAO ATRIBUIDO;1;Pessoal e Encargos Sociais;92;Despesas de Exercícios Anteriores;90;Reserva de Contingência;0.0;0.0;3858.04;0.0;0.0;0.0
2020/07;52000;Ministério da Defesa;52121;Comando do Exército;160058;32 GRUPO DE ARTILHARIA DE CAMPANHA;1.0;TESOURO NACIONAL;52101;MINISTERIO DA DEFESA;5;Defesa nacional;153;Defesa terrestre;6012;DEFESA NACIONAL;218X;OPERACOES DE GARANTIA DA LEI E DA ORDEM;0001;OPERACAO CERBERO;00;NAO ATRIBUIDO;4;Investimentos;52;Equipamentos e Material Permanente;90;Reserva de Contingência;-2345.0;0.0;0.0;0.0;0.0;0.0
2020/07;53000;Ministério do Desenvolvimento Regional;22203;Companhia de Desenvolvimento dos Vales do São Francisco e do Parnaíba;195006;CIA DE DES.DOS VALES DO S.FRANC.E DO PARNAIBA;11201.0;CIA DE DESENV DOS VALES DO S.FRANC.E PARNAIBA;53201;COMPANHIA DE DESENV. DO VALE DO SAO FRANCISCO;4;Administração;122;Administração geral;32;PROGRAMA DE GESTAO E MANUTENCAO DO PODER EXECUTIVO;2000;ADMINISTRACAO DA UNIDADE;0001;CAPACITACAO DE SERVIDORES PUBLICOS FEDERAIS EM PROCESSO DE QUALIFICACAO E REQUALIFICACAO;00;NAO ATRIBUIDO;3;Outras Despesas Correntes;47;Obrigações Tributárias e Contributivas;90;Reserva de Contingência;0.0;26.55;26.55;0.0;0.0;0.0
2020/07;25000;Ministério da Economia;25205;Fundação Instituto Brasileiro de Geografia e Estatística;114606;UNIDADE ESTADUAL DO IBGE NO PARA;11301.0;FUNDACAO INSTITUTO BRAS.GEOGR. E ESTATISTICA;25301;FUND. INST.BRASIL. DE GEOGRAFIA E ESTATISTICA;4;Administração;121;Planejamento e orçamento;32;PROGRAMA DE GESTAO E MANUTENCAO DO PODER EXECUTIVO;20U7;CENSOS DEMOGRAFICO, AGROPECUARIO E GEOGRAFICO;0006;CENSO DEMOGRAFICO 2020;00;NAO ATRIBUIDO;3;Outras Despesas Correntes;93;Indenizações e Restituições;90;Reserva de Contingência;-1406.16;0.0;0.0;0.0;0.0;0.0
2020/07;52000;Ministério da Defesa;52121;Comando do Exército;160279;57 BATALHAO DE INFANTARIA MOTORIZADO (ES);1.0;TESOURO NACIONAL;52121;COMANDO DO EXERCITO;5;Defesa nacional;122;Administração geral;32;PROGRAMA DE GESTAO E MANUTENCAO DO PODER EXECUTIVO;2000;ADMINISTRACAO DA UNIDADE;0004;MANUTENCAO GERAL;00;NAO ATRIBUIDO;4;Investimentos;52;Equipamentos e Material Permanente;90;Reserva de Contingência;23158.9;0.0;0.0;0.0;0.0;0.0
2020/07;26000;Ministério da Educação;26413;Instituto Federal do Triângulo Mineiro;159002;INST.FED.TRIA.MIN./CAMPUS UBERLANDIA CENTRO;26413.0;INST.FED.DE EDUC.,CIENC.E TEC.DO TRIA.MINEIRO;26413;INST.FED.DE EDUC.,CIENC.E TEC.DO TRIA.MINEIRO;12;Educação;363;Ensino profissional;5012;EDUCACAO PROFISSIONAL E TECNOLOGICA;21B3;FOMENTO AS ACOES DE PESQUISA, EXTENSAO E INOVACAO NAS INSTITUICOES DA REDE FEDERAL DE EDUCACAO PROFISSIONAL, CIENTIFICA E TECNOLOGICA;0000;FOMENTO AS ACOES DE PESQUISA, EXTENSAO E INOVACAO NAS INSTITUICOES DA REDE FEDERAL DE EDUCACAO PROFISSIONAL, CIENTIFICA E TECNOLOGICA;00;NAO ATRIBUIDO;3;Outras Despesas Correntes;18;Auxílio Financeiro a Estudantes;90;Reserva de Contingência;31200.0;0.0;0.0;0.0;0.0;0.0
2020/07;52000;Ministério da Defesa;52121;Comando do Exército;160130;36º BATALHãO DE INFANTARIA MECANIZADO;1.0;TESOURO NACIONAL;52903;FUNDO DO SERVICO MILITAR;5;Defesa nacional;122;Administração geral;6012;DEFESA NACIONAL;2872;MOBILIZACAO PARA O SERVICO MILITAR OBRIGATORIO;0000;MOBILIZACAO PARA O SERVICO MILITAR OBRIGATORIO;00;NAO ATRIBUIDO;4;Investimentos;52;Equipamentos e Material Permanente;90;Reserva de Contingência;608.17;0.0;0.0;0.0;0.0;0.0
2020/07;36000;Ministério da Saúde;36212;Agência Nacional de Vigilância Sanitária;253014;COORD.VIG.SANIT.DE PORTOS,AER.E FRONTEIRAS-GO;36212.0;AGENCIA NACIONAL DE VIGILANCIA SANITARIA;36212;AGENCIA NACIONAL DE VIGILANCIA SANITARIA;10;Saúde;304;Vigilância sanitária;2015;FORTALECIMENTO DO SISTEMA UNICO DE SAUDE (SUS);6138;VIGILANCIA SANITARIA EM PORTOS, AEROPORTOS, FRONTEIRAS E RECINTOS ALFANDEGADOS;0000;VIGILANCIA SANITARIA EM PORTOS, AEROPORTOS, FRONTEIRAS E RECINTOS ALFANDEGADOS;00;NAO ATRIBUIDO;3;Outras Despesas Correntes;37;Locação de Mão-de-Obra;90;Reserva de Contingência;0.0;0.0;0.0;0.0;0.0;686.28
2020/07;22000;Ministério da Agricultura, Pecuária e Abastec;22000;Ministério da Agricultura, Pecuária e Abastecimento - Unidades com vínculo direto;130025;SUPERINT.FED.DE AGRIC.,PEC.E ABASTECIMENTO/PE;1.0;TESOURO NACIONAL;22101;MINISTERIO DA AGRIC.PECUARIA E ABASTECIMENTO;20;Agricultura;122;Administração geral;32;PROGRAMA DE GESTAO E MANUTENCAO DO PODER EXECUTIVO;2000;ADMINISTRACAO DA UNIDADE;000A;OPERACAO DOS SERVICOS ADMINISTRATIVOS DAS UNIDADES DESCENTRALIZADAS;00;NAO ATRIBUIDO;3;Outras Despesas Correntes;30;Material de Consumo;90;Reserva de Contingência;1000.0;3906.38;2100.0;0.0;0.0;0.0
